date,datatype,station,attributes,value
2024-01-01T00:00:00,PRCP,GHCND:US1AZAP0003,",,N,0700",0
2024-01-01T00:00:00,PRCP,GHCND:US1AZAP0007,",,N,0700",0
2024-01-01T00:00:00,PRCP,GHCND:US1AZAP0022,",,N,0800",0
2024-01-01T00:00:00,PRCP,GHCND:US1AZAP0028,",,N,0700",0
2024-01-01T00:00:00,PRCP,GHCND:US1AZCH0003,",,N,0700",0
2024-01-01T00:00:00,PRCP,GHCND:US1AZCH0008,",,N,0700",0
2024-01-01T00:00:00,PRCP,GHCND:US1AZCH0017,",,N,0700",0
2024-01-01T00:00:00,PRCP,GHCND:US1AZCH0022,",,N,0800",0
2024-01-01T00:00:00,PRCP,GHCND:US1AZCH0027,",,N,0800",0
2024-01-01T00:00:00,PRCP,GHCND:US1AZCH0039,",,N,0620",0
2024-01-01T00:00:00,PRCP,GHCND:US1AZCH0050,",,N,0700",0
2024-01-01T00:00:00,PRCP,GHCND:US1AZCH0057,",,N,0700",0
2024-01-01T00:00:00,PRCP,GHCND:US1AZCH0064,",,N,0700",0
2024-01-01T00:00:00,PRCP,GHCND:US1AZCH0066,",,N,0429",0
2024-01-01T00:00:00,PRCP,GHCND:US1AZCH0072,",,N,0700",0
2024-01-01T00:00:00,PRCP,GHCND:US1AZCH0073,",,N,0700",0
2024-01-01T00:00:00,PRCP,GHCND:US1AZCH0076,",,N,0700",0
2024-01-01T00:00:00,PRCP,GHCND:US1AZCH0077,",,N,0700",0
2024-01-01T00:00:00,PRCP,GHCND:US1AZCH0079,",,N,0700",0
2024-01-01T00:00:00,PRCP,GHCND:US1AZCH0080,",,N,0700",0
2024-01-01T00:00:00,PRCP,GHCND:US1AZCH0081,",,N,0700",0
2024-01-01T00:00:00,PRCP,GHCND:US1AZCH0086,",,N,0700",0
2024-01-01T00:00:00,PRCP,GHCND:US1AZCH0089,",,N,0600",0
2024-01-01T00:00:00,PRCP,GHCND:US1AZCH0090,",,N,0600",0
2024-01-01T00:00:00,PRCP,GHCND:US1AZCH0093,",,N,0800",0
2024-01-01T00:00:00,PRCP,GHCND:US1AZCN0003,",,N,0800",0
2024-01-01T00:00:00,PRCP,GHCND:US1AZCN0069,",,N,0700",0
2024-01-01T00:00:00,PRCP,GHCND:US1AZCN0070,",,N,0700",0
2024-01-01T00:00:00,PRCP,GHCND:US1AZCN0075,",,N,0900",0
2024-01-01T00:00:00,PRCP,GHCND:US1AZCN0079,",,N,0600",0
2024-01-01T00:00:00,PRCP,GHCND:US1AZCN0113,",,N,0700",0
2024-01-01T00:00:00,PRCP,GHCND:US1AZCN0140,",,N,0700",0
2024-01-01T00:00:00,PRCP,GHCND:US1AZCN0143,",,N,0700",0
2024-01-01T00:00:00,PRCP,GHCND:US1AZCN0147,",,N,0530",0
2024-01-01T00:00:00,PRCP,GHCND:US1AZCN0148,",,N,0700",0
2024-01-01T00:00:00,PRCP,GHCND:US1AZCN0154,",,N,0859",0
2024-01-01T00:00:00,PRCP,GHCND:US1AZCN0166,",,N,0800",0
2024-01-01T00:00:00,PRCP,GHCND:US1AZCN0170,",,N,0730",0
2024-01-01T00:00:00,PRCP,GHCND:US1AZCN0176,",,N,0700",0
2024-01-01T00:00:00,PRCP,GHCND:US1AZCN0178,",,N,0700",0
2024-01-01T00:00:00,PRCP,GHCND:US1AZGH0004,",,N,0700",0
2024-01-01T00:00:00,PRCP,GHCND:US1AZGL0004,",,N,0747",0
2024-01-01T00:00:00,PRCP,GHCND:US1AZGL0008,",,N,0700",0
2024-01-01T00:00:00,PRCP,GHCND:US1AZGL0015,",,N,0800",0
2024-01-01T00:00:00,PRCP,GHCND:US1AZGL0016,",,N,0800",0
2024-01-01T00:00:00,PRCP,GHCND:US1AZMH0025,",,N,0700",0
2024-01-01T00:00:00,PRCP,GHCND:US1AZMH0027,",,N,0700",0
2024-01-01T00:00:00,PRCP,GHCND:US1AZMH0041,",,N,0800",0
2024-01-01T00:00:00,PRCP,GHCND:US1AZMR0010,",,N,0800",0
2024-01-01T00:00:00,PRCP,GHCND:US1AZMR0016,",,N,0700",0
2024-01-01T00:00:00,PRCP,GHCND:US1AZMR0017,",,N,0700",0
2024-01-01T00:00:00,PRCP,GHCND:US1AZMR0022,",,N,0700",0
2024-01-01T00:00:00,PRCP,GHCND:US1AZMR0026,",,N,0700",0
2024-01-01T00:00:00,PRCP,GHCND:US1AZMR0032,",,N,0700",0
2024-01-01T00:00:00,PRCP,GHCND:US1AZMR0035,",,N,0830",0
2024-01-01T00:00:00,PRCP,GHCND:US1AZMR0045,",,N,0700",0
2024-01-01T00:00:00,PRCP,GHCND:US1AZMR0046,",,N,0700",0
2024-01-01T00:00:00,PRCP,GHCND:US1AZMR0057,",,N,0726",0
2024-01-01T00:00:00,PRCP,GHCND:US1AZMR0071,",,N,0700",0
2024-01-01T00:00:00,PRCP,GHCND:US1AZMR0082,",,N,0700",0
2024-01-01T00:00:00,PRCP,GHCND:US1AZMR0096,",,N,0700",0
2024-01-01T00:00:00,PRCP,GHCND:US1AZMR0103,",,N,0700",0
2024-01-01T00:00:00,PRCP,GHCND:US1AZMR0111,",,N,0700",0
2024-01-01T00:00:00,PRCP,GHCND:US1AZMR0157,",,N,0700",0
2024-01-01T00:00:00,PRCP,GHCND:US1AZMR0197,",,N,0700",0
2024-01-01T00:00:00,PRCP,GHCND:US1AZMR0198,",,N,0700",0
2024-01-01T00:00:00,PRCP,GHCND:US1AZMR0207,",,N,0700",0
2024-01-01T00:00:00,PRCP,GHCND:US1AZMR0218,",,N,0600",0
2024-01-01T00:00:00,PRCP,GHCND:US1AZMR0220,",,N,0600",0
2024-01-01T00:00:00,PRCP,GHCND:US1AZMR0232,",,N,0700",0
2024-01-01T00:00:00,PRCP,GHCND:US1AZMR0245,",,N,0700",0
2024-01-01T00:00:00,PRCP,GHCND:US1AZMR0246,",,N,0700",0
2024-01-01T00:00:00,PRCP,GHCND:US1AZMR0260,",,N,0900",0
2024-01-01T00:00:00,PRCP,GHCND:US1AZMR0264,",,N,0730",0
2024-01-01T00:00:00,PRCP,GHCND:US1AZMR0267,",,N,0700",0
2024-01-01T00:00:00,PRCP,GHCND:US1AZMR0278,",,N,0500",0
2024-01-01T00:00:00,PRCP,GHCND:US1AZMR0280,",,N,0600",0
2024-01-01T00:00:00,PRCP,GHCND:US1AZMR0289,",,N,0700",0
2024-01-01T00:00:00,PRCP,GHCND:US1AZMR0313,",,N,0700",0
2024-01-01T00:00:00,PRCP,GHCND:US1AZMR0326,",,N,0700",0
2024-01-01T00:00:00,PRCP,GHCND:US1AZMR0342,",,N,0500",0
2024-01-01T00:00:00,PRCP,GHCND:US1AZMR0343,",,N,0700",0
2024-01-01T00:00:00,PRCP,GHCND:US1AZMR0352,",,N,0630",0
2024-01-01T00:00:00,PRCP,GHCND:US1AZMR0373,",,N,0700",0
2024-01-01T00:00:00,PRCP,GHCND:US1AZMR0379,",,N,0700",0
2024-01-01T00:00:00,PRCP,GHCND:US1AZMR0382,",,N,0800",0
2024-01-01T00:00:00,PRCP,GHCND:US1AZMR0384,",,N,0700",0
2024-01-01T00:00:00,PRCP,GHCND:US1AZMR0398,",,N,0700",0
2024-01-01T00:00:00,PRCP,GHCND:US1AZMR0402,",,N,0730",0
2024-01-01T00:00:00,PRCP,GHCND:US1AZMR0406,",,N,0700",0
2024-01-01T00:00:00,PRCP,GHCND:US1AZMR0410,",,N,0700",0
2024-01-01T00:00:00,PRCP,GHCND:US1AZMR0436,",,N,0800",0
2024-01-01T00:00:00,PRCP,GHCND:US1AZMR0443,",,N,0800",0
2024-01-01T00:00:00,PRCP,GHCND:US1AZMR0448,",,N,0704",0
2024-01-01T00:00:00,PRCP,GHCND:US1AZMR0454,",,N,0700",0
2024-01-01T00:00:00,PRCP,GHCND:US1AZMR0456,",,N,0700",0
2024-01-01T00:00:00,PRCP,GHCND:US1AZMR0463,",,N,0700",0
2024-01-01T00:00:00,PRCP,GHCND:US1AZMR0464,",,N,0700",0
2024-01-01T00:00:00,PRCP,GHCND:US1AZMR0466,",,N,1744",0
2024-01-01T00:00:00,PRCP,GHCND:US1AZMR0478,",,N,0700",0
2024-01-01T00:00:00,PRCP,GHCND:US1AZMR0479,",,N,0700",0
2024-01-01T00:00:00,PRCP,GHCND:US1AZMR0484,",,N,0700",0
2024-01-01T00:00:00,PRCP,GHCND:US1AZMR0488,",,N,0700",0
2024-01-01T00:00:00,PRCP,GHCND:US1AZMR0494,",,N,0800",0
2024-01-01T00:00:00,PRCP,GHCND:US1AZMR0496,",,N,0700",0
2024-01-01T00:00:00,PRCP,GHCND:US1AZMR0503,",,N,0800",0
2024-01-01T00:00:00,PRCP,GHCND:US1AZMR0511,",,N,0800",0
2024-01-01T00:00:00,PRCP,GHCND:US1AZMR0517,",,N,0700",0
2024-01-01T00:00:00,PRCP,GHCND:US1AZMR0518,",,N,0800",0
2024-01-01T00:00:00,PRCP,GHCND:US1AZMR0532,",,N,0700",0
2024-01-01T00:00:00,PRCP,GHCND:US1AZMR0535,",,N,0630",0
2024-01-01T00:00:00,PRCP,GHCND:US1AZMR0536,",,N,0700",0
2024-01-01T00:00:00,PRCP,GHCND:US1AZMR0539,",,N,0700",0
2024-01-01T00:00:00,PRCP,GHCND:US1AZMR0555,",,N,0700",0
2024-01-01T00:00:00,PRCP,GHCND:US1AZMR0562,",,N,0700",0
2024-01-01T00:00:00,PRCP,GHCND:US1AZMR0578,",,N,0700",0
2024-01-01T00:00:00,PRCP,GHCND:US1AZMR0580,",,N,0700",0
2024-01-01T00:00:00,PRCP,GHCND:US1AZMR0583,",,N,0800",0
2024-01-01T00:00:00,PRCP,GHCND:US1AZMR0585,",,N,0900",0
2024-01-01T00:00:00,PRCP,GHCND:US1AZMR0586,",,N,0700",0
2024-01-01T00:00:00,PRCP,GHCND:US1AZMR0589,",,N,0700",0
2024-01-01T00:00:00,PRCP,GHCND:US1AZMR0591,",,N,0700",0
2024-01-01T00:00:00,PRCP,GHCND:US1AZMR0593,",,N,0700",0
2024-01-01T00:00:00,PRCP,GHCND:US1AZMR0595,",,N,0800",0
2024-01-01T00:00:00,PRCP,GHCND:US1AZMR0597,",,N,0800",0
2024-01-01T00:00:00,PRCP,GHCND:US1AZMR0599,",,N,0800",0
2024-01-01T00:00:00,PRCP,GHCND:US1AZMR0608,",,N,1330",0
2024-01-01T00:00:00,PRCP,GHCND:US1AZMR0610,",,N,0700",0
2024-01-01T00:00:00,PRCP,GHCND:US1AZMR0613,",,N,0800",0
2024-01-01T00:00:00,PRCP,GHCND:US1AZMR0617,",,N,0700",0
2024-01-01T00:00:00,PRCP,GHCND:US1AZMR0618,",,N,0700",0
2024-01-01T00:00:00,PRCP,GHCND:US1AZMR0619,",,N,0700",0
2024-01-01T00:00:00,PRCP,GHCND:US1AZMR0626,",,N,0700",0
2024-01-01T00:00:00,PRCP,GHCND:US1AZMR0630,",,N,0700",0
2024-01-01T00:00:00,PRCP,GHCND:US1AZMR0632,",,N,0800",0
2024-01-01T00:00:00,PRCP,GHCND:US1AZNV0007,",,N,0700",0
2024-01-01T00:00:00,PRCP,GHCND:US1AZNV0010,",,N,0700",0
2024-01-01T00:00:00,PRCP,GHCND:US1AZNV0012,",,N,0700",0
2024-01-01T00:00:00,PRCP,GHCND:US1AZNV0018,",,N,0700",0
2024-01-01T00:00:00,PRCP,GHCND:US1AZNV0020,",,N,0700",0
2024-01-01T00:00:00,PRCP,GHCND:US1AZNV0024,",,N,0800",0
2024-01-01T00:00:00,PRCP,GHCND:US1AZNV0035,",,N,0600",0
2024-01-01T00:00:00,PRCP,GHCND:US1AZNV0042,",,N,0530",0
2024-01-01T00:00:00,PRCP,GHCND:US1AZNV0052,",,N,0700",0
2024-01-01T00:00:00,PRCP,GHCND:US1AZNV0053,",,N,0700",0
2024-01-01T00:00:00,PRCP,GHCND:US1AZPM0003,",,N,1900",0
2024-01-01T00:00:00,PRCP,GHCND:US1AZPM0005,",,N,0700",0
2024-01-01T00:00:00,PRCP,GHCND:US1AZPM0012,",,N,0600",0
2024-01-01T00:00:00,PRCP,GHCND:US1AZPM0013,",,N,1700",0
2024-01-01T00:00:00,PRCP,GHCND:US1AZPM0014,",,N,0700",0
2024-01-01T00:00:00,PRCP,GHCND:US1AZPM0046,",,N,0600",0
2024-01-01T00:00:00,PRCP,GHCND:US1AZPM0047,",,N,0700",0
2024-01-01T00:00:00,PRCP,GHCND:US1AZPM0049,",,N,0700",0
2024-01-01T00:00:00,PRCP,GHCND:US1AZPM0050,",,N,2100",0
2024-01-01T00:00:00,PRCP,GHCND:US1AZPM0051,",,N,0700",0
2024-01-01T00:00:00,PRCP,GHCND:US1AZPM0070,",,N,0700",0
2024-01-01T00:00:00,PRCP,GHCND:US1AZPM0072,"T,,N,0700",0
2024-01-01T00:00:00,PRCP,GHCND:US1AZPM0082,",,N,1800",0
2024-01-01T00:00:00,PRCP,GHCND:US1AZPM0087,",,N,0600",0
2024-01-01T00:00:00,PRCP,GHCND:US1AZPM0101,",,N,0800",0
2024-01-01T00:00:00,PRCP,GHCND:US1AZPM0103,",,N,0630",0
2024-01-01T00:00:00,PRCP,GHCND:US1AZPM0106,",,N,0700",0
2024-01-01T00:00:00,PRCP,GHCND:US1AZPM0107,",,N,0700",0
2024-01-01T00:00:00,PRCP,GHCND:US1AZPM0108,",,N,0700",0
2024-01-01T00:00:00,PRCP,GHCND:US1AZPM0111,",,N,0700",0
2024-01-01T00:00:00,PRCP,GHCND:US1AZPM0118,",,N,0730",0
2024-01-01T00:00:00,PRCP,GHCND:US1AZPM0119,",,N,1700",0
2024-01-01T00:00:00,PRCP,GHCND:US1AZPM0124,",,N,0700",0
2024-01-01T00:00:00,PRCP,GHCND:US1AZPM0132,",,N,0700",0
2024-01-01T00:00:00,PRCP,GHCND:US1AZPM0135,",,N,0600",0
2024-01-01T00:00:00,PRCP,GHCND:US1AZPM0137,",,N,0700",0
2024-01-01T00:00:00,PRCP,GHCND:US1AZPM0138,",,N,0700",0
2024-01-01T00:00:00,PRCP,GHCND:US1AZPM0139,",,N,0700",0
2024-01-01T00:00:00,PRCP,GHCND:US1AZPM0141,",,N,0700",0
2024-01-01T00:00:00,PRCP,GHCND:US1AZPM0143,",,N,0700",0
2024-01-01T00:00:00,PRCP,GHCND:US1AZPM0145,",,N,0600",0
2024-01-01T00:00:00,PRCP,GHCND:US1AZPM0146,",,N,0700",0
2024-01-01T00:00:00,PRCP,GHCND:US1AZPM0147,",,N,0700",0
2024-01-01T00:00:00,PRCP,GHCND:US1AZPM0148,",,N,0700",0
2024-01-01T00:00:00,PRCP,GHCND:US1AZPM0149,",,N,0700",8
2024-01-01T00:00:00,PRCP,GHCND:US1AZPM0156,",,N,0700",0
2024-01-01T00:00:00,PRCP,GHCND:US1AZPM0160,",,N,0600",0
2024-01-01T00:00:00,PRCP,GHCND:US1AZPM0172,",,N,0700",0
2024-01-01T00:00:00,PRCP,GHCND:US1AZPM0176,",,N,0700",0
2024-01-01T00:00:00,PRCP,GHCND:US1AZPM0181,",,N,0700",0
2024-01-01T00:00:00,PRCP,GHCND:US1AZPM0184,",,N,0700",0
2024-01-01T00:00:00,PRCP,GHCND:US1AZPM0193,",,N,0700",0
2024-01-01T00:00:00,PRCP,GHCND:US1AZPM0194,",,N,0700",0
2024-01-01T00:00:00,PRCP,GHCND:US1AZPM0201,",,N,0800",0
2024-01-01T00:00:00,PRCP,GHCND:US1AZPM0202,",,N,0800",0
2024-01-01T00:00:00,PRCP,GHCND:US1AZPM0204,",,N,0700",0
2024-01-01T00:00:00,PRCP,GHCND:US1AZPM0206,",,N,0700",0
2024-01-01T00:00:00,PRCP,GHCND:US1AZPM0210,",,N,0700",0
2024-01-01T00:00:00,PRCP,GHCND:US1AZPM0215,",,N,0200",0
2024-01-01T00:00:00,PRCP,GHCND:US1AZPM0229,",,N,0700",0
2024-01-01T00:00:00,PRCP,GHCND:US1AZPM0231,",,N,0700",0
2024-01-01T00:00:00,PRCP,GHCND:US1AZPM0233,",,N,0800",0
2024-01-01T00:00:00,PRCP,GHCND:US1AZPM0234,",,N,0800",0
2024-01-01T00:00:00,PRCP,GHCND:US1AZPM0244,",,N,0600",0
2024-01-01T00:00:00,PRCP,GHCND:US1AZPM0245,",,N,0645",0
2024-01-01T00:00:00,PRCP,GHCND:US1AZPM0247,",,N,0700",0
2024-01-01T00:00:00,PRCP,GHCND:US1AZPM0248,",,N,0600",0
2024-01-01T00:00:00,PRCP,GHCND:US1AZPM0249,",,N,0700",0
2024-01-01T00:00:00,PRCP,GHCND:US1AZPM0261,",,N,0700",0
2024-01-01T00:00:00,PRCP,GHCND:US1AZPM0263,",,N,0700",0
2024-01-01T00:00:00,PRCP,GHCND:US1AZPM0265,",,N,0700",0
2024-01-01T00:00:00,PRCP,GHCND:US1AZPM0266,",,N,0700",0
2024-01-01T00:00:00,PRCP,GHCND:US1AZPM0269,",,N,0700",0
2024-01-01T00:00:00,PRCP,GHCND:US1AZPM0272,",,N,0700",0
2024-01-01T00:00:00,PRCP,GHCND:US1AZPM0273,",,N,0700",0
2024-01-01T00:00:00,PRCP,GHCND:US1AZPM0285,",,N,0800",0
2024-01-01T00:00:00,PRCP,GHCND:US1AZPM0286,",,N,0700",0
2024-01-01T00:00:00,PRCP,GHCND:US1AZPM0289,",,N,0800",0
2024-01-01T00:00:00,PRCP,GHCND:US1AZPM0292,",,N,0800",0
2024-01-01T00:00:00,PRCP,GHCND:US1AZPM0294,",,N,0700",0
2024-01-01T00:00:00,PRCP,GHCND:US1AZPM0304,",,N,0700",0
2024-01-01T00:00:00,PRCP,GHCND:US1AZPM0306,",,N,0700",0
2024-01-01T00:00:00,PRCP,GHCND:US1AZPM0308,",,N,0700",0
2024-01-01T00:00:00,PRCP,GHCND:US1AZPM0315,",,N,0700",0
2024-01-01T00:00:00,PRCP,GHCND:US1AZPM0318,",,N,0700",0
2024-01-01T00:00:00,PRCP,GHCND:US1AZPM0322,",,N,0700",0
2024-01-01T00:00:00,PRCP,GHCND:US1AZPM0323,",,N,0700",0
2024-01-01T00:00:00,PRCP,GHCND:US1AZPM0326,",,N,0600",0
2024-01-01T00:00:00,PRCP,GHCND:US1AZPM0327,",,N,0700",0
2024-01-01T00:00:00,PRCP,GHCND:US1AZPM0328,",,N,0830",0
2024-01-01T00:00:00,PRCP,GHCND:US1AZPM0332,",,N,0800",0
2024-01-01T00:00:00,PRCP,GHCND:US1AZPM0338,",,N,0600",0
2024-01-01T00:00:00,PRCP,GHCND:US1AZPM0339,",,N,0700",0
2024-01-01T00:00:00,PRCP,GHCND:US1AZPM0366,",,N,0700",5
2024-01-01T00:00:00,PRCP,GHCND:US1AZPM0370,",,N,0700",0
2024-01-01T00:00:00,PRCP,GHCND:US1AZPM0371,",,N,0700",0
2024-01-01T00:00:00,PRCP,GHCND:US1AZPM0375,",,N,0700",0
2024-01-01T00:00:00,PRCP,GHCND:US1AZPM0379,",,N,0800",0
2024-01-01T00:00:00,PRCP,GHCND:US1AZPM0386,",,N,0500",0
2024-01-01T00:00:00,PRCP,GHCND:US1AZPM0391,",,N,0700",0
2024-01-01T00:00:00,PRCP,GHCND:US1AZPM0392,",,N,0700",0
2024-01-01T00:00:00,PRCP,GHCND:US1AZPM0393,",,N,0700",0
2024-01-01T00:00:00,PRCP,GHCND:US1AZPM0394,",,N,0700",0
2024-01-01T00:00:00,PRCP,GHCND:US1AZPM0397,",,N,0700",0
2024-01-01T00:00:00,PRCP,GHCND:US1AZPM0399,",,N,0700",0
2024-01-01T00:00:00,PRCP,GHCND:US1AZPM0404,",,N,0700",0
2024-01-01T00:00:00,PRCP,GHCND:US1AZPM0408,",,N,0700",0
2024-01-01T00:00:00,PRCP,GHCND:US1AZPM0411,",,N,0800",0
2024-01-01T00:00:00,PRCP,GHCND:US1AZPM0412,",,N,0700",0
2024-01-01T00:00:00,PRCP,GHCND:US1AZPM0413,",,N,0700",0
2024-01-01T00:00:00,PRCP,GHCND:US1AZPM0415,",,N,0700",0
2024-01-01T00:00:00,PRCP,GHCND:US1AZPM0416,",,N,0700",0
2024-01-01T00:00:00,PRCP,GHCND:US1AZPM0422,",,N,0900",0
2024-01-01T00:00:00,PRCP,GHCND:US1AZPM0430,",,N,0700",0
2024-01-01T00:00:00,PRCP,GHCND:US1AZPM0432,",,N,0700",0
2024-01-01T00:00:00,PRCP,GHCND:US1AZPM0433,",,N,0600",0
2024-01-01T00:00:00,PRCP,GHCND:US1AZPM0435,",,N,0700",0
2024-01-01T00:00:00,PRCP,GHCND:US1AZPM0441,",,N,0700",0
2024-01-01T00:00:00,PRCP,GHCND:US1AZPM0442,",,N,0700",0
2024-01-01T00:00:00,PRCP,GHCND:US1AZPM0443,",,N,0700",0
2024-01-01T00:00:00,PRCP,GHCND:US1AZPM0446,",,N,0730",0
2024-01-01T00:00:00,PRCP,GHCND:US1AZPM0448,",,N,0000",0
2024-01-01T00:00:00,PRCP,GHCND:US1AZPM0449,",,N,0800",0
2024-01-01T00:00:00,PRCP,GHCND:US1AZPM0450,",,N,0900",0
2024-01-01T00:00:00,PRCP,GHCND:US1AZPM0456,",,N,0900",0
2024-01-01T00:00:00,PRCP,GHCND:US1AZPM0460,",,N,0800",0
2024-01-01T00:00:00,PRCP,GHCND:US1AZPM0462,",,N,0700",0
2024-01-01T00:00:00,PRCP,GHCND:US1AZPM0463,",,N,0800",0
2024-01-01T00:00:00,PRCP,GHCND:US1AZPM0464,",,N,0600",0
2024-01-01T00:00:00,PRCP,GHCND:US1AZPM0466,",,N,0700",0
2024-01-01T00:00:00,PRCP,GHCND:US1AZPN0008,",,N,0700",0
2024-01-01T00:00:00,PRCP,GHCND:US1AZPN0017,",,N,0700",0
2024-01-01T00:00:00,PRCP,GHCND:US1AZPN0020,",,N,0800",0
2024-01-01T00:00:00,PRCP,GHCND:US1AZPN0027,",,N,0700",0
2024-01-01T00:00:00,PRCP,GHCND:US1AZPN0029,",,N,0700",0
2024-01-01T00:00:00,PRCP,GHCND:US1AZPN0033,",,N,0800",0
2024-01-01T00:00:00,PRCP,GHCND:US1AZPN0035,",,N,0700",0
2024-01-01T00:00:00,PRCP,GHCND:US1AZPN0037,",,N,0700",0
2024-01-01T00:00:00,PRCP,GHCND:US1AZPN0049,",,N,0700",0
2024-01-01T00:00:00,PRCP,GHCND:US1AZPN0050,",,N,0700",0
2024-01-01T00:00:00,PRCP,GHCND:US1AZPN0053,",,N,0800",0
2024-01-01T00:00:00,PRCP,GHCND:US1AZPN0058,",,N,0700",0
2024-01-01T00:00:00,PRCP,GHCND:US1AZPN0063,",,N,0700",0
2024-01-01T00:00:00,PRCP,GHCND:US1AZPN0070,",,N,0600",0
2024-01-01T00:00:00,PRCP,GHCND:US1AZPN0071,",,N,0600",0
2024-01-01T00:00:00,PRCP,GHCND:US1AZPN0077,",,N,0700",0
2024-01-01T00:00:00,PRCP,GHCND:US1AZPN0081,",,N,0700",0
2024-01-01T00:00:00,PRCP,GHCND:US1AZPN0087,",,N,0800",0
2024-01-01T00:00:00,PRCP,GHCND:US1AZPN0088,",,N,0700",0
2024-01-01T00:00:00,PRCP,GHCND:US1AZPN0091,",,N,0700",0
2024-01-01T00:00:00,PRCP,GHCND:US1AZPN0093,",,N,0700",0
2024-01-01T00:00:00,PRCP,GHCND:US1AZPN0094,",,N,0700",0
2024-01-01T00:00:00,PRCP,GHCND:US1AZPN0095,",,N,0800",0
2024-01-01T00:00:00,PRCP,GHCND:US1AZPN0097,",,N,0700",0
2024-01-01T00:00:00,PRCP,GHCND:US1AZSC0010,",,N,0700",0
2024-01-01T00:00:00,PRCP,GHCND:US1AZSC0012,",,N,0700",0
2024-01-01T00:00:00,PRCP,GHCND:US1AZSC0013,",,N,0700",0
2024-01-01T00:00:00,PRCP,GHCND:US1AZSC0018,",,N,0600",0
2024-01-01T00:00:00,PRCP,GHCND:US1AZSC0019,",,N,0700",0
2024-01-01T00:00:00,PRCP,GHCND:US1AZSC0021,",,N,0700",0
2024-01-01T00:00:00,PRCP,GHCND:US1AZSC0023,",,N,0700",0
2024-01-01T00:00:00,PRCP,GHCND:US1AZSC0024,",,N,0700",0
2024-01-01T00:00:00,PRCP,GHCND:US1AZSC0026,",,N,0532",0
2024-01-01T00:00:00,PRCP,GHCND:US1AZYM0007,",,N,0800",0
2024-01-01T00:00:00,PRCP,GHCND:US1AZYV0001,",,N,0700",0
2024-01-01T00:00:00,PRCP,GHCND:US1AZYV0005,",,N,0700",0
2024-01-01T00:00:00,PRCP,GHCND:US1AZYV0007,",,N,0700",0
2024-01-01T00:00:00,PRCP,GHCND:US1AZYV0018,",,N,0700",0
2024-01-01T00:00:00,PRCP,GHCND:US1AZYV0030,",,N,0700",0
2024-01-01T00:00:00,PRCP,GHCND:US1AZYV0034,",,N,0700",0
2024-01-01T00:00:00,PRCP,GHCND:US1AZYV0042,",,N,0700",0
2024-01-01T00:00:00,PRCP,GHCND:US1AZYV0052,",,N,0700",0
2024-01-01T00:00:00,PRCP,GHCND:US1AZYV0055,",,N,0700",0
2024-01-01T00:00:00,PRCP,GHCND:US1AZYV0061,",,N,0700",0
2024-01-01T00:00:00,PRCP,GHCND:US1AZYV0063,",,N,0700",0
2024-01-01T00:00:00,PRCP,GHCND:US1AZYV0067,",,N,0800",0
2024-01-01T00:00:00,PRCP,GHCND:US1AZYV0068,",,N,1700",0
2024-01-01T00:00:00,PRCP,GHCND:US1AZYV0076,",,N,0700",0
2024-01-01T00:00:00,PRCP,GHCND:US1AZYV0081,",,N,0800",3
2024-01-01T00:00:00,PRCP,GHCND:US1AZYV0083,",,N,0700",0
2024-01-01T00:00:00,PRCP,GHCND:US1AZYV0084,",,N,0700",5
2024-01-01T00:00:00,PRCP,GHCND:US1AZYV0087,",,N,0900",0
2024-01-01T00:00:00,PRCP,GHCND:US1AZYV0091,",,N,0800",0
2024-01-01T00:00:00,PRCP,GHCND:US1AZYV0092,",,N,0700",0
2024-01-01T00:00:00,PRCP,GHCND:US1AZYV0096,",,N,0700",0
2024-01-01T00:00:00,PRCP,GHCND:US1AZYV0098,",,N,0700",0
2024-01-01T00:00:00,PRCP,GHCND:US1AZYV0100,",,N,0700",0
2024-01-01T00:00:00,PRCP,GHCND:US1AZYV0113,",,N,0700",0
2024-01-01T00:00:00,PRCP,GHCND:US1AZYV0115,"T,,N,0800",0
2024-01-01T00:00:00,PRCP,GHCND:US1AZYV0125,",,N,0700",0
2024-01-01T00:00:00,PRCP,GHCND:US1AZYV0129,",,N,0700",0
2024-01-01T00:00:00,PRCP,GHCND:US1AZYV0136,",,N,0700",0
2024-01-01T00:00:00,PRCP,GHCND:US1AZYV0138,",,N,0700",0
2024-01-01T00:00:00,PRCP,GHCND:US1AZYV0141,",,N,0700",0
2024-01-01T00:00:00,PRCP,GHCND:US1AZYV0152,",,N,0700",0
2024-01-01T00:00:00,PRCP,GHCND:US1AZYV0159,",,N,0700",0
2024-01-01T00:00:00,PRCP,GHCND:US1AZYV0162,",,N,0700",0
2024-01-01T00:00:00,PRCP,GHCND:US1AZYV0166,",,N,0700",0
2024-01-01T00:00:00,PRCP,GHCND:US1AZYV0169,",,N,1000",0
2024-01-01T00:00:00,PRCP,GHCND:US1AZYV0179,"T,,N,0800",0
2024-01-01T00:00:00,PRCP,GHCND:US1AZYV0180,",,N,0700",0
2024-01-01T00:00:00,PRCP,GHCND:US1AZYV0181,",,N,0700",0
2024-01-01T00:00:00,PRCP,GHCND:US1AZYV0184,",,N,0700",0
2024-01-01T00:00:00,PRCP,GHCND:US1AZYV0186,",,N,0800",0
2024-01-01T00:00:00,PRCP,GHCND:US1AZYV0187,",,N,1918",0
2024-01-01T00:00:00,PRCP,GHCND:US1AZYV0189,",,N,0700",0
2024-01-01T00:00:00,PRCP,GHCND:US1AZYV0190,",,N,0600",0
2024-01-01T00:00:00,PRCP,GHCND:US1AZYV0191,",,N,0800",0
2024-01-01T00:00:00,PRCP,GHCND:US1AZYV0192,",,N,0800",0
2024-01-01T00:00:00,PRCP,GHCND:US1AZYV0199,",,N,0700",0
2024-01-01T00:00:00,PRCP,GHCND:US1AZYV0200,",,N,0700",0
2024-01-01T00:00:00,PRCP,GHCND:US1AZYV0205,",,N,0800",0
2024-01-01T00:00:00,PRCP,GHCND:US1AZYV0207,",,N,0800",0
2024-01-01T00:00:00,PRCP,GHCND:USC00020080,",,7,0800",0
2024-01-01T00:00:00,TMAX,GHCND:USC00020080,",,7,0800",178
2024-01-01T00:00:00,TMIN,GHCND:USC00020080,",,7,0800",33
2024-01-01T00:00:00,PRCP,GHCND:USC00020100,",,7,0700",0
2024-01-01T00:00:00,TMAX,GHCND:USC00020100,",,7,0700",167
2024-01-01T00:00:00,TMIN,GHCND:USC00020100,",,7,0700",28
2024-01-01T00:00:00,PRCP,GHCND:USC00020159,",,7,1600",0
2024-01-01T00:00:00,TMAX,GHCND:USC00020159,",,7,1600",44
2024-01-01T00:00:00,TMIN,GHCND:USC00020159,",,7,1600",-144
2024-01-01T00:00:00,PRCP,GHCND:USC00020287,",,7,1800",0
2024-01-01T00:00:00,TMAX,GHCND:USC00020287,",,7,1800",178
2024-01-01T00:00:00,TMIN,GHCND:USC00020287,",,7,1800",28
2024-01-01T00:00:00,PRCP,GHCND:USC00020288,",,7,1630",0
2024-01-01T00:00:00,TMAX,GHCND:USC00020288,",,7,1630",150
2024-01-01T00:00:00,TMIN,GHCND:USC00020288,",,7,1630",67
2024-01-01T00:00:00,PRCP,GHCND:USC00020380,",,7,0700",0
2024-01-01T00:00:00,PRCP,GHCND:USC00020498,",,7,0800",0
2024-01-01T00:00:00,PRCP,GHCND:USC00020586,",,7,0630",0
2024-01-01T00:00:00,TMAX,GHCND:USC00020586,",,7,0630",100
2024-01-01T00:00:00,TMIN,GHCND:USC00020586,",,7,0630",-22
2024-01-01T00:00:00,PRCP,GHCND:USC00020678,",,7,1700",0
2024-01-01T00:00:00,TMAX,GHCND:USC00020678,",,7,1700",56
2024-01-01T00:00:00,TMIN,GHCND:USC00020678,",,7,1700",-117
2024-01-01T00:00:00,PRCP,GHCND:USC00020683,",,7,0700",0
2024-01-01T00:00:00,PRCP,GHCND:USC00020750,",,7,1600",0
2024-01-01T00:00:00,TMAX,GHCND:USC00020750,",,7,1600",72
2024-01-01T00:00:00,TMIN,GHCND:USC00020750,",,7,1600",-44
2024-01-01T00:00:00,PRCP,GHCND:USC00020808,",,7,0700",23
2024-01-01T00:00:00,TMAX,GHCND:USC00020808,",,7,0700",72
2024-01-01T00:00:00,TMIN,GHCND:USC00020808,",,7,0700",-61
2024-01-01T00:00:00,PRCP,GHCND:USC00020871,",,7,0800",0
2024-01-01T00:00:00,PRCP,GHCND:USC00020975,",,7,0900",0
2024-01-01T00:00:00,TMAX,GHCND:USC00020975,",,7,0900",167
2024-01-01T00:00:00,TMIN,GHCND:USC00020975,",,7,0900",39
2024-01-01T00:00:00,TMAX,GHCND:USC00021001,",,7,1700",6
2024-01-01T00:00:00,TMIN,GHCND:USC00021001,",,7,1700",-100
2024-01-01T00:00:00,PRCP,GHCND:USC00021027,",,7,2100",0
2024-01-01T00:00:00,TMAX,GHCND:USC00021027,",,7,2100",150
2024-01-01T00:00:00,TMIN,GHCND:USC00021027,",,7,2100",78
2024-01-01T00:00:00,PRCP,GHCND:USC00021050,",,7,0700",0
2024-01-01T00:00:00,TMAX,GHCND:USC00021050,",,7,0700",183
2024-01-01T00:00:00,TMIN,GHCND:USC00021050,",,7,0700",61
2024-01-01T00:00:00,PRCP,GHCND:USC00021248,",,7,1600",0
2024-01-01T00:00:00,TMAX,GHCND:USC00021248,",,7,1600",56
2024-01-01T00:00:00,TMIN,GHCND:USC00021248,",,7,1600",-89
2024-01-01T00:00:00,PRCP,GHCND:USC00021306,",,7,0800",0
2024-01-01T00:00:00,TMAX,GHCND:USC00021306,",,7,0800",150
2024-01-01T00:00:00,TMIN,GHCND:USC00021306,",,7,0800",28
2024-01-01T00:00:00,PRCP,GHCND:USC00021314,",,7,0800",0
2024-01-01T00:00:00,TMAX,GHCND:USC00021314,",,7,0800",172
2024-01-01T00:00:00,TMIN,GHCND:USC00021314,",,7,0800",28
2024-01-01T00:00:00,PRCP,GHCND:USC00021330,",,7,0800",0
2024-01-01T00:00:00,TMAX,GHCND:USC00021330,",,7,0800",172
2024-01-01T00:00:00,TMIN,GHCND:USC00021330,",,7,0800",-11
2024-01-01T00:00:00,PRCP,GHCND:USC00021357,",,7,0800",0
2024-01-01T00:00:00,TMAX,GHCND:USC00021357,",,7,0800",167
2024-01-01T00:00:00,TMIN,GHCND:USC00021357,",,7,0800",-28
2024-01-01T00:00:00,PRCP,GHCND:USC00021664,",,7,0800",0
2024-01-01T00:00:00,PRCP,GHCND:USC00022109,",,7,1800",0
2024-01-01T00:00:00,TMAX,GHCND:USC00022109,",,7,1800",128
2024-01-01T00:00:00,TMIN,GHCND:USC00022109,",,7,1800",-11
2024-01-01T00:00:00,PRCP,GHCND:USC00022140,",,7,1700",0
2024-01-01T00:00:00,TMAX,GHCND:USC00022140,",,7,1700",167
2024-01-01T00:00:00,TMIN,GHCND:USC00022140,",,7,1700",0
2024-01-01T00:00:00,PRCP,GHCND:USC00022754,",,7,1800",0
2024-01-01T00:00:00,TMAX,GHCND:USC00022754,",,7,1800",156
2024-01-01T00:00:00,TMIN,GHCND:USC00022754,",,7,1800",-72
2024-01-01T00:00:00,PRCP,GHCND:USC00022782,",,7,1700",0
2024-01-01T00:00:00,TMAX,GHCND:USC00022782,",,7,1700",161
2024-01-01T00:00:00,TMIN,GHCND:USC00022782,",,7,1700",39
2024-01-01T00:00:00,PRCP,GHCND:USC00023009,",,7,1100",0
2024-01-01T00:00:00,TMAX,GHCND:USC00023009,",,7,1100",44
2024-01-01T00:00:00,TMIN,GHCND:USC00023009,",,7,1100",-122
2024-01-01T00:00:00,PRCP,GHCND:USC00023013,",,7,0700",0
2024-01-01T00:00:00,TMAX,GHCND:USC00023013,",,7,0700",6
2024-01-01T00:00:00,TMIN,GHCND:USC00023013,",,7,0700",-183
2024-01-01T00:00:00,PRCP,GHCND:USC00023160,",,7,0700",0
2024-01-01T00:00:00,TMAX,GHCND:USC00023160,",,7,0700",50
2024-01-01T00:00:00,TMIN,GHCND:USC00023160,",,7,0700",-117
2024-01-01T00:00:00,PRCP,GHCND:USC00023393,",,7,1600",0
2024-01-01T00:00:00,TMAX,GHCND:USC00023393,",,7,1600",167
2024-01-01T00:00:00,TMIN,GHCND:USC00023393,",,7,1600",28
2024-01-01T00:00:00,PRCP,GHCND:USC00023448,",,7,0700",0
2024-01-01T00:00:00,PRCP,GHCND:USC00023501,",,7,0800",0
2024-01-01T00:00:00,TMAX,GHCND:USC00023501,",,7,0800",122
2024-01-01T00:00:00,TMIN,GHCND:USC00023501,",,7,0800",-6
2024-01-01T00:00:00,PRCP,GHCND:USC00023584,",,7,0800",0
2024-01-01T00:00:00,TMAX,GHCND:USC00023584,",,7,0800",50
2024-01-01T00:00:00,TMIN,GHCND:USC00023584,",,7,0800",-50
2024-01-01T00:00:00,PRCP,GHCND:USC00023668,",,7,0700",0
2024-01-01T00:00:00,TMAX,GHCND:USC00023668,",,7,0700",178
2024-01-01T00:00:00,TMIN,GHCND:USC00023668,",,7,0700",17
2024-01-01T00:00:00,PRCP,GHCND:USC00023828,",,7,0800",0
2024-01-01T00:00:00,TMAX,GHCND:USC00023828,",,7,0800",39
2024-01-01T00:00:00,TMIN,GHCND:USC00023828,",,7,0800",-78
2024-01-01T00:00:00,PRCP,GHCND:USC00023961,",,7,1600",0
2024-01-01T00:00:00,TMAX,GHCND:USC00023961,",,7,1600",72
2024-01-01T00:00:00,TMIN,GHCND:USC00023961,",,7,1600",-67
2024-01-01T00:00:00,PRCP,GHCND:USC00024417,",,7,0700",0
2024-01-01T00:00:00,PRCP,GHCND:USC00024453,",,7,0800",0
2024-01-01T00:00:00,TMAX,GHCND:USC00024453,",,7,0800",128
2024-01-01T00:00:00,TMIN,GHCND:USC00024453,",,7,0800",22
2024-01-01T00:00:00,PRCP,GHCND:USC00024534,",,7,0600",0
2024-01-01T00:00:00,TMAX,GHCND:USC00024534,",,7,0600",144
2024-01-01T00:00:00,TMIN,GHCND:USC00024534,",,7,0600",-6
2024-01-01T00:00:00,PRCP,GHCND:USC00024761,",,7,0600",0
2024-01-01T00:00:00,TMAX,GHCND:USC00024761,",,7,0600",172
2024-01-01T00:00:00,TMIN,GHCND:USC00024761,",,7,0600",56
2024-01-01T00:00:00,PRCP,GHCND:USC00025412,",,7,0700",0
2024-01-01T00:00:00,TMAX,GHCND:USC00025412,",,7,0700",39
2024-01-01T00:00:00,TMIN,GHCND:USC00025412,",,7,0700",-72
2024-01-01T00:00:00,PRCP,GHCND:USC00025418,",,7,1800",0
2024-01-01T00:00:00,TMAX,GHCND:USC00025418,",,7,1800",194
2024-01-01T00:00:00,TMIN,GHCND:USC00025418,",,7,1800",-39
2024-01-01T00:00:00,PRCP,GHCND:USC00025494,",,7,0800",0
2024-01-01T00:00:00,TMAX,GHCND:USC00025494,",,7,0800",72
2024-01-01T00:00:00,TMIN,GHCND:USC00025494,",,7,0800",-61
2024-01-01T00:00:00,PRCP,GHCND:USC00025635,",,7,0800",0
2024-01-01T00:00:00,TMAX,GHCND:USC00025635,",,7,0800",139
2024-01-01T00:00:00,TMIN,GHCND:USC00025635,",,7,0800",-56
2024-01-01T00:00:00,PRCP,GHCND:USC00025732,",,7,0830",0
2024-01-01T00:00:00,TMAX,GHCND:USC00025732,",,7,0830",50
2024-01-01T00:00:00,TMIN,GHCND:USC00025732,",,7,0830",-6
2024-01-01T00:00:00,PRCP,GHCND:USC00025737,",,7,0800",0
2024-01-01T00:00:00,TMAX,GHCND:USC00025737,",,7,0800",61
2024-01-01T00:00:00,TMIN,GHCND:USC00025737,",,7,0800",11
2024-01-01T00:00:00,PRCP,GHCND:USC00025825,",,7,1600",0
2024-01-01T00:00:00,TMAX,GHCND:USC00025825,",,7,1600",106
2024-01-01T00:00:00,TMIN,GHCND:USC00025825,",,7,1600",-17
2024-01-01T00:00:00,PRCP,GHCND:USC00025924,",,7,0800",0
2024-01-01T00:00:00,TMAX,GHCND:USC00025924,",,7,0800",183
2024-01-01T00:00:00,TMIN,GHCND:USC00025924,",,7,0800",-28
2024-01-01T00:00:00,PRCP,GHCND:USC00026117,",,7,0800",0
2024-01-01T00:00:00,TMAX,GHCND:USC00026117,",,7,0800",122
2024-01-01T00:00:00,TMIN,GHCND:USC00026117,",,7,0800",-39
2024-01-01T00:00:00,PRCP,GHCND:USC00026132,",,7,1600",0
2024-01-01T00:00:00,TMAX,GHCND:USC00026132,",,7,1600",172
2024-01-01T00:00:00,TMIN,GHCND:USC00026132,",,7,1600",39
2024-01-01T00:00:00,PRCP,GHCND:USC00026190,",,7,0800",0
2024-01-01T00:00:00,TMAX,GHCND:USC00026190,",,7,0800",78
2024-01-01T00:00:00,TMIN,GHCND:USC00026190,",,7,0800",-50
2024-01-01T00:00:00,PRCP,GHCND:USC00026242,",,7,0800",0
2024-01-01T00:00:00,TMAX,GHCND:USC00026242,",,7,0800",133
2024-01-01T00:00:00,TMAX,GHCND:USC00026282,",,Z,0800",167
2024-01-01T00:00:00,TMIN,GHCND:USC00026282,",,Z,0800",-78
2024-01-01T00:00:00,PRCP,GHCND:USC00026353,",,7,0800",0
2024-01-01T00:00:00,TMAX,GHCND:USC00026353,",,7,0800",172
2024-01-01T00:00:00,TMIN,GHCND:USC00026353,",,7,0800",-39
2024-01-01T00:00:00,PRCP,GHCND:USC00026468,",,7,0800",0
2024-01-01T00:00:00,TMAX,GHCND:USC00026468,",,7,0800",94
2024-01-01T00:00:00,TMIN,GHCND:USC00026468,",,7,0800",-61
2024-01-01T00:00:00,PRCP,GHCND:USC00026471,",,7,1800",0
2024-01-01T00:00:00,TMAX,GHCND:USC00026471,",,7,1800",167
2024-01-01T00:00:00,TMIN,GHCND:USC00026471,",,7,1800",6
2024-01-01T00:00:00,PRCP,GHCND:USC00026513,",,7,1600",0
2024-01-01T00:00:00,TMAX,GHCND:USC00026513,",,7,1600",167
2024-01-01T00:00:00,TMIN,GHCND:USC00026513,",,7,1600",22
2024-01-01T00:00:00,PRCP,GHCND:USC00026603,",,7,1700",0
2024-01-01T00:00:00,TMAX,GHCND:USC00026603,",,7,1700",144
2024-01-01T00:00:00,TMIN,GHCND:USC00026603,",,7,1700",72
2024-01-01T00:00:00,PRCP,GHCND:USC00026653,",,7,1600",0
2024-01-01T00:00:00,TMAX,GHCND:USC00026653,",,7,1600",89
2024-01-01T00:00:00,TMIN,GHCND:USC00026653,",,7,1600",-56
2024-01-01T00:00:00,PRCP,GHCND:USC00026796,",,7,0700",0
2024-01-01T00:00:00,TMAX,GHCND:USC00026796,",,7,0700",156
2024-01-01T00:00:00,TMIN,GHCND:USC00026796,",,7,0700",-39
2024-01-01T00:00:00,PRCP,GHCND:USC00027036,",,7,0800",0
2024-01-01T00:00:00,PRCP,GHCND:USC00027187,",,7,1700",0
2024-01-01T00:00:00,TMAX,GHCND:USC00027187,",,7,",156
2024-01-01T00:00:00,TMIN,GHCND:USC00027187,",,7,",17
2024-01-01T00:00:00,PRCP,GHCND:USC00027281,",,7,0700",0
2024-01-01T00:00:00,TMAX,GHCND:USC00027281,",,7,0700",133
2024-01-01T00:00:00,PRCP,GHCND:USC00027390,",,7,0800",0
2024-01-01T00:00:00,TMAX,GHCND:USC00027390,",,7,0800",150
2024-01-01T00:00:00,PRCP,GHCND:USC00027398,",,7,0830",0
2024-01-01T00:00:00,TMAX,GHCND:USC00027398,",,7,0830",161
2024-01-01T00:00:00,TMIN,GHCND:USC00027398,",,7,0830",50
2024-01-01T00:00:00,PRCP,GHCND:USC00027435,",,7,1800",0
2024-01-01T00:00:00,TMAX,GHCND:USC00027435,",,7,1800",94
2024-01-01T00:00:00,TMIN,GHCND:USC00027435,",,7,1800",-78
2024-01-01T00:00:00,PRCP,GHCND:USC00027480,",,7,0700",0
2024-01-01T00:00:00,PRCP,GHCND:USC00027488,",,7,1800",0
2024-01-01T00:00:00,TMAX,GHCND:USC00027488,",,7,1800",128
2024-01-01T00:00:00,TMIN,GHCND:USC00027488,",,7,1800",-72
2024-01-01T00:00:00,PRCP,GHCND:USC00027530,",,7,1700",0
2024-01-01T00:00:00,TMAX,GHCND:USC00027530,",,7,1700",156
2024-01-01T00:00:00,TMIN,GHCND:USC00027530,",,7,1700",17
2024-01-01T00:00:00,PRCP,GHCND:USC00027560,"T,,7,2200",0
2024-01-01T00:00:00,TMAX,GHCND:USC00027560,",,7,2200",167
2024-01-01T00:00:00,TMIN,GHCND:USC00027560,",,7,2200",-78
2024-01-01T00:00:00,PRCP,GHCND:USC00027619,",,7,0800",0
2024-01-01T00:00:00,TMAX,GHCND:USC00027619,",,7,0800",206
2024-01-01T00:00:00,TMIN,GHCND:USC00027619,",,7,0800",-6
2024-01-01T00:00:00,PRCP,GHCND:USC00027622,",,7,0700",0
2024-01-01T00:00:00,PRCP,GHCND:USC00027716,",,7,1700",0
2024-01-01T00:00:00,TMAX,GHCND:USC00027716,",,7,1700",106
2024-01-01T00:00:00,TMIN,GHCND:USC00027716,",,7,1700",-56
2024-01-01T00:00:00,PRCP,GHCND:USC00027855,",,7,1700",0
2024-01-01T00:00:00,TMAX,GHCND:USC00027855,",,7,1700",89
2024-01-01T00:00:00,TMIN,GHCND:USC00027855,",,7,1700",-50
2024-01-01T00:00:00,PRCP,GHCND:USC00027880,",,7,0730",0
2024-01-01T00:00:00,TMAX,GHCND:USC00027880,",,7,0730",156
2024-01-01T00:00:00,TMIN,GHCND:USC00027880,",,7,0730",-33
2024-01-01T00:00:00,PRCP,GHCND:USC00027990,",,7,0700",0
2024-01-01T00:00:00,TMAX,GHCND:USC00027990,",,7,0700",139
2024-01-01T00:00:00,PRCP,GHCND:USC00028162,",,7,1600",0
2024-01-01T00:00:00,TMAX,GHCND:USC00028162,",,7,1600",89
2024-01-01T00:00:00,TMIN,GHCND:USC00028162,",,7,1600",-122
2024-01-01T00:00:00,PRCP,GHCND:USC00028326,",,7,0800",0
2024-01-01T00:00:00,TMAX,GHCND:USC00028326,",,7,0800",11
2024-01-01T00:00:00,TMIN,GHCND:USC00028326,",,7,0800",-94
2024-01-01T00:00:00,PRCP,GHCND:USC00028329,",,7,0900",0
2024-01-01T00:00:00,TMAX,GHCND:USC00028329,",,7,0900",50
2024-01-01T00:00:00,TMIN,GHCND:USC00028329,",,7,0900",-122
2024-01-01T00:00:00,PRCP,GHCND:USC00028396,",,7,0800",0
2024-01-01T00:00:00,TMAX,GHCND:USC00028396,",,7,0800",194
2024-01-01T00:00:00,TMIN,GHCND:USC00028396,",,7,0800",39
2024-01-01T00:00:00,PRCP,GHCND:USC00028468,",,7,1700",0
2024-01-01T00:00:00,TMAX,GHCND:USC00028468,",,7,1700",94
2024-01-01T00:00:00,TMIN,GHCND:USC00028468,",,7,1700",-94
2024-01-01T00:00:00,PRCP,GHCND:USC00028499,",,7,1700",0
2024-01-01T00:00:00,TMAX,GHCND:USC00028499,",,7,1700",183
2024-01-01T00:00:00,PRCP,GHCND:USC00028590,",,7,0700",0
2024-01-01T00:00:00,TMAX,GHCND:USC00028590,",,7,0700",200
2024-01-01T00:00:00,TMIN,GHCND:USC00028590,",,7,0700",39
2024-01-01T00:00:00,PRCP,GHCND:USC00028598,",,7,1600",0
2024-01-01T00:00:00,PRCP,GHCND:USC00028619,",,7,0800",0
2024-01-01T00:00:00,TMAX,GHCND:USC00028619,",,7,0800",156
2024-01-01T00:00:00,TMIN,GHCND:USC00028619,",,7,0800",39
2024-01-01T00:00:00,PRCP,GHCND:USC00028795,",,7,0900",0
2024-01-01T00:00:00,TMAX,GHCND:USC00028795,",,7,0900",256
2024-01-01T00:00:00,TMIN,GHCND:USC00028795,",,7,0900",22
2024-01-01T00:00:00,PRCP,GHCND:USC00028865,",,7,0800",0
2024-01-01T00:00:00,TMAX,GHCND:USC00028865,",,7,0800",178
2024-01-01T00:00:00,TMIN,GHCND:USC00028865,",,7,0800",-11
2024-01-01T00:00:00,PRCP,GHCND:USC00028904,",,7,1600",0
2024-01-01T00:00:00,PRCP,GHCND:USC00028910,",,7,1400",0
2024-01-01T00:00:00,TMAX,GHCND:USC00028910,",,7,1400",39
2024-01-01T00:00:00,TMIN,GHCND:USC00028910,",,7,1400",-56
2024-01-01T00:00:00,PRCP,GHCND:USC00028998,",,7,0700",0
2024-01-01T00:00:00,PRCP,GHCND:USC00029156,",,7,0800",0
2024-01-01T00:00:00,TMAX,GHCND:USC00029156,",,7,0800",56
2024-01-01T00:00:00,TMIN,GHCND:USC00029156,",,7,0800",-72
2024-01-01T00:00:00,PRCP,GHCND:USC00029158,",,7,1700",0
2024-01-01T00:00:00,TMAX,GHCND:USC00029158,",,7,1700",83
2024-01-01T00:00:00,TMIN,GHCND:USC00029158,",,7,1700",-78
2024-01-01T00:00:00,PRCP,GHCND:USC00029166,",,7,1800",0
2024-01-01T00:00:00,PRCP,GHCND:USC00029309,",,7,0500",0
2024-01-01T00:00:00,TMAX,GHCND:USC00029309,",,7,0500",156
2024-01-01T00:00:00,TMIN,GHCND:USC00029309,",,7,0500",6
2024-01-01T00:00:00,PRCP,GHCND:USC00029334,",,7,0700",0
2024-01-01T00:00:00,TMAX,GHCND:USC00029334,",,7,0700",144
2024-01-01T00:00:00,TMIN,GHCND:USC00029334,",,7,0700",-56
2024-01-01T00:00:00,PRCP,GHCND:USC00029359,",,7,1600",0
2024-01-01T00:00:00,TMAX,GHCND:USC00029359,",,7,1600",61
2024-01-01T00:00:00,TMIN,GHCND:USC00029359,",,7,1600",-39
2024-01-01T00:00:00,PRCP,GHCND:USC00029542,",,7,0900",0
2024-01-01T00:00:00,PRCP,GHCND:USC00029656,",,7,0800",0
2024-01-01T00:00:00,TMAX,GHCND:USC00029656,",,7,0800",194
2024-01-01T00:00:00,TMIN,GHCND:USC00029656,",,7,0800",56
2024-01-01T00:00:00,TMAX,GHCND:USR0000AALP,"H,,U,",61
2024-01-01T00:00:00,TMIN,GHCND:USR0000AALP,"H,,U,",-89
2024-01-01T00:00:00,TMAX,GHCND:USR0000ABLA,"H,,U,",133
2024-01-01T00:00:00,TMIN,GHCND:USR0000ABLA,"H,,U,",0
2024-01-01T00:00:00,TMAX,GHCND:USR0000ABRK,"H,,U,",50
2024-01-01T00:00:00,TMIN,GHCND:USR0000ABRK,"H,,U,",-17
2024-01-01T00:00:00,TMAX,GHCND:USR0000ABUC,"H,,U,",76
2024-01-01T00:00:00,TMIN,GHCND:USR0000ABUC,"H,,U,",-60
2024-01-01T00:00:00,TMAX,GHCND:USR0000ACAA,"H,,U,",150
2024-01-01T00:00:00,TMIN,GHCND:USR0000ACAA,"H,,U,",11
2024-01-01T00:00:00,TMAX,GHCND:USR0000ACAN,"H,,U,",28
2024-01-01T00:00:00,TMIN,GHCND:USR0000ACAN,"H,,U,",-78
2024-01-01T00:00:00,TMAX,GHCND:USR0000ACHE,"H,,U,",89
2024-01-01T00:00:00,TMIN,GHCND:USR0000ACHE,"H,,U,",-33
2024-01-01T00:00:00,TMAX,GHCND:USR0000ACHR,"H,,U,",161
2024-01-01T00:00:00,TMIN,GHCND:USR0000ACHR,"H,,U,",17
2024-01-01T00:00:00,TMAX,GHCND:USR0000ACOL,"H,,U,",39
2024-01-01T00:00:00,TMIN,GHCND:USR0000ACOL,"H,,U,",-50
2024-01-01T00:00:00,TMAX,GHCND:USR0000ACRO,"H,,U,",78
2024-01-01T00:00:00,TMIN,GHCND:USR0000ACRO,"H,,U,",-22
2024-01-01T00:00:00,TMAX,GHCND:USR0000ADRL,"H,,U,",72
2024-01-01T00:00:00,TMIN,GHCND:USR0000ADRL,"H,,U,",-6
2024-01-01T00:00:00,TMAX,GHCND:USR0000ADRY,"H,,U,",61
2024-01-01T00:00:00,TMIN,GHCND:USR0000ADRY,"H,,U,",-72
2024-01-01T00:00:00,TMAX,GHCND:USR0000AEMP,"H,,U,",169
2024-01-01T00:00:00,TMIN,GHCND:USR0000AEMP,"H,,U,",3
2024-01-01T00:00:00,TMAX,GHCND:USR0000AFAP,"H,,U,",67
2024-01-01T00:00:00,TMIN,GHCND:USR0000AFAP,"H,,U,",-56
2024-01-01T00:00:00,TMAX,GHCND:USR0000AFLG,"H,,U,",72
2024-01-01T00:00:00,TMIN,GHCND:USR0000AFLG,"H,,U,",-94
2024-01-01T00:00:00,TMAX,GHCND:USR0000AFOU,"H,,U,",61
2024-01-01T00:00:00,TMIN,GHCND:USR0000AFOU,"H,,U,",-47
2024-01-01T00:00:00,TMAX,GHCND:USR0000AFRA,"H,,U,",78
2024-01-01T00:00:00,TMIN,GHCND:USR0000AFRA,"H,,U,",-28
2024-01-01T00:00:00,TMAX,GHCND:USR0000AGLO,"H,,U,",100
2024-01-01T00:00:00,TMIN,GHCND:USR0000AGLO,"H,,U,",33
2024-01-01T00:00:00,TMAX,GHCND:USR0000AGOO,"H,,U,",124
2024-01-01T00:00:00,TMIN,GHCND:USR0000AGOO,"H,,U,",11
2024-01-01T00:00:00,TMAX,GHCND:USR0000AGRE,"H,,U,",44
2024-01-01T00:00:00,TMIN,GHCND:USR0000AGRE,"H,,U,",-50
2024-01-01T00:00:00,TMAX,GHCND:USR0000AGUN,"H,,U,",111
2024-01-01T00:00:00,TMIN,GHCND:USR0000AGUN,"H,,U,",-17
2024-01-01T00:00:00,TMAX,GHCND:USR0000AGUT,"H,,U,",89
2024-01-01T00:00:00,TMIN,GHCND:USR0000AGUT,"H,,U,",17
2024-01-01T00:00:00,TMAX,GHCND:USR0000AHAV,"H,,U,",211
2024-01-01T00:00:00,TMIN,GHCND:USR0000AHAV,"H,,U,",-33
2024-01-01T00:00:00,TMAX,GHCND:USR0000AHBR,"H,,U,",72
2024-01-01T00:00:00,TMIN,GHCND:USR0000AHBR,"H,,U,",-67
2024-01-01T00:00:00,TMAX,GHCND:USR0000AHIL,"H,,U,",94
2024-01-01T00:00:00,TMIN,GHCND:USR0000AHIL,"H,,U,",-106
2024-01-01T00:00:00,TMAX,GHCND:USR0000AHOR,"H,,U,",144
2024-01-01T00:00:00,TMIN,GHCND:USR0000AHOR,"H,,U,",44
2024-01-01T00:00:00,TMAX,GHCND:USR0000AHPI,"H,,U,",86
2024-01-01T00:00:00,TMIN,GHCND:USR0000AHPI,"H,,U,",-69
2024-01-01T00:00:00,TMAX,GHCND:USR0000AHPK,"H,,U,",111
2024-01-01T00:00:00,TMIN,GHCND:USR0000AHPK,"H,,U,",22
2024-01-01T00:00:00,TMAX,GHCND:USR0000AHUM,"H,,U,",94
2024-01-01T00:00:00,TMIN,GHCND:USR0000AHUM,"H,,U,",17
2024-01-01T00:00:00,TMAX,GHCND:USR0000AHUR,"H,,U,",100
2024-01-01T00:00:00,TMIN,GHCND:USR0000AHUR,"H,,U,",-22
2024-01-01T00:00:00,TMAX,GHCND:USR0000AIRO,"H,,U,",83
2024-01-01T00:00:00,TMIN,GHCND:USR0000AIRO,"H,,U,",-50
2024-01-01T00:00:00,TMAX,GHCND:USR0000ALAK,"H,,U,",83
2024-01-01T00:00:00,TMIN,GHCND:USR0000ALAK,"H,,U,",-94
2024-01-01T00:00:00,TMAX,GHCND:USR0000ALBE,"H,,U,",56
2024-01-01T00:00:00,TMIN,GHCND:USR0000ALBE,"H,,U,",-94
2024-01-01T00:00:00,TMAX,GHCND:USR0000ALIM,"H,,U,",72
2024-01-01T00:00:00,TMIN,GHCND:USR0000ALIM,"H,,U,",-17
2024-01-01T00:00:00,TMAX,GHCND:USR0000AMOL,"H,,U,",56
2024-01-01T00:00:00,TMIN,GHCND:USR0000AMOL,"H,,U,",-83
2024-01-01T00:00:00,TMAX,GHCND:USR0000AMOS,"H,,U,",89
2024-01-01T00:00:00,TMIN,GHCND:USR0000AMOS,"H,,U,",-28
2024-01-01T00:00:00,TMAX,GHCND:USR0000AMTL,"H,,U,",39
2024-01-01T00:00:00,TMIN,GHCND:USR0000AMTL,"H,,U,",-28
2024-01-01T00:00:00,TMAX,GHCND:USR0000AMUL,"H,,U,",149
2024-01-01T00:00:00,TMIN,GHCND:USR0000AMUL,"H,,U,",43
2024-01-01T00:00:00,TMAX,GHCND:USR0000AMUS,"H,,U,",111
2024-01-01T00:00:00,TMIN,GHCND:USR0000AMUS,"H,,U,",-22
2024-01-01T00:00:00,TMAX,GHCND:USR0000ANIX,"H,,U,",78
2024-01-01T00:00:00,TMIN,GHCND:USR0000ANIX,"H,,U,",-78
2024-01-01T00:00:00,TMAX,GHCND:USR0000ANOO,"H,,U,",111
2024-01-01T00:00:00,TMIN,GHCND:USR0000ANOO,"H,,U,",17
2024-01-01T00:00:00,TMAX,GHCND:USR0000AOAK,"H,,U,",111
2024-01-01T00:00:00,TMIN,GHCND:USR0000AOAK,"H,,U,",6
2024-01-01T00:00:00,TMAX,GHCND:USR0000AOLA,"H,,U,",164
2024-01-01T00:00:00,TMIN,GHCND:USR0000AOLA,"H,,U,",55
2024-01-01T00:00:00,TMAX,GHCND:USR0000APAR,"H,,U,",56
2024-01-01T00:00:00,TMIN,GHCND:USR0000APAR,"H,,U,",-50
2024-01-01T00:00:00,TMAX,GHCND:USR0000APAY,"H,,U,",111
2024-01-01T00:00:00,TMIN,GHCND:USR0000APAY,"H,,U,",0
2024-01-01T00:00:00,TMAX,GHCND:USR0000APLE,"H,,U,",100
2024-01-01T00:00:00,TMIN,GHCND:USR0000APLE,"H,,U,",-28
2024-01-01T00:00:00,TMAX,GHCND:USR0000APRO,"H,,U,",44
2024-01-01T00:00:00,TMIN,GHCND:USR0000APRO,"H,,U,",-22
2024-01-01T00:00:00,TMAX,GHCND:USR0000ARIN,"H,,U,",67
2024-01-01T00:00:00,TMIN,GHCND:USR0000ARIN,"H,,U,",-11
2024-01-01T00:00:00,TMAX,GHCND:USR0000ARUC,"H,,U,",161
2024-01-01T00:00:00,TMIN,GHCND:USR0000ARUC,"H,,U,",-6
2024-01-01T00:00:00,TMAX,GHCND:USR0000ASAS,"H,,U,",178
2024-01-01T00:00:00,TMIN,GHCND:USR0000ASAS,"H,,U,",-28
2024-01-01T00:00:00,TMAX,GHCND:USR0000ASCA,"H,,U,",133
2024-01-01T00:00:00,TMIN,GHCND:USR0000ASCA,"H,,U,",0
2024-01-01T00:00:00,TMAX,GHCND:USR0000ASES,"H,,U,",172
2024-01-01T00:00:00,TMIN,GHCND:USR0000ASES,"H,,U,",44
2024-01-01T00:00:00,TMAX,GHCND:USR0000ASMI,"H,,U,",145
2024-01-01T00:00:00,TMIN,GHCND:USR0000ASMI,"H,,U,",64
2024-01-01T00:00:00,TMAX,GHCND:USR0000ASTA,"H,,U,",133
2024-01-01T00:00:00,TMIN,GHCND:USR0000ASTA,"H,,U,",78
2024-01-01T00:00:00,TMAX,GHCND:USR0000ASTH,"H,,U,",56
2024-01-01T00:00:00,TMIN,GHCND:USR0000ASTH,"H,,U,",-17
2024-01-01T00:00:00,TMAX,GHCND:USR0000ASUN,"H,,U,",144
2024-01-01T00:00:00,TMIN,GHCND:USR0000ASUN,"H,,U,",28
2024-01-01T00:00:00,TMAX,GHCND:USR0000ATRA,"H,,U,",83
2024-01-01T00:00:00,TMIN,GHCND:USR0000ATRA,"H,,U,",0
2024-01-01T00:00:00,TMAX,GHCND:USR0000ATRU,"H,,U,",94
2024-01-01T00:00:00,TMIN,GHCND:USR0000ATRU,"H,,U,",11
2024-01-01T00:00:00,TMAX,GHCND:USR0000ATUS,"H,,U,",56
2024-01-01T00:00:00,TMIN,GHCND:USR0000ATUS,"H,,U,",-78
2024-01-01T00:00:00,TMAX,GHCND:USR0000ATWE,"H,,U,",113
2024-01-01T00:00:00,TMIN,GHCND:USR0000ATWE,"H,,U,",21
2024-01-01T00:00:00,TMAX,GHCND:USR0000AUNI,"H,,U,",145
2024-01-01T00:00:00,TMIN,GHCND:USR0000AUNI,"H,,U,",50
2024-01-01T00:00:00,TMAX,GHCND:USR0000AVER,"H,,U,",106
2024-01-01T00:00:00,TMIN,GHCND:USR0000AVER,"H,,U,",-22
2024-01-01T00:00:00,TMAX,GHCND:USR0000AWAR,"H,,U,",36
2024-01-01T00:00:00,TMIN,GHCND:USR0000AWAR,"H,,U,",-71
2024-01-01T00:00:00,TMAX,GHCND:USR0000AYEL,"H,,U,",94
2024-01-01T00:00:00,TMIN,GHCND:USR0000AYEL,"H,,U,",-128
2024-01-01T00:00:00,PRCP,GHCND:USS0009N05S,",,T,",0
2024-01-01T00:00:00,TMAX,GHCND:USS0009N05S,",,T,",11
2024-01-01T00:00:00,TMIN,GHCND:USS0009N05S,",,T,",-82
2024-01-01T00:00:00,PRCP,GHCND:USS0009S01S,",,T,",25
2024-01-01T00:00:00,TMAX,GHCND:USS0009S01S,",,T,",29
2024-01-01T00:00:00,TMIN,GHCND:USS0009S01S,",,T,",-96
2024-01-01T00:00:00,PRCP,GHCND:USS0009S02S,",,T,",0
2024-01-01T00:00:00,TMAX,GHCND:USS0009S02S,",,T,",23
2024-01-01T00:00:00,TMIN,GHCND:USS0009S02S,",,T,",-106
2024-01-01T00:00:00,PRCP,GHCND:USS0009S04S,",,T,",0
2024-01-01T00:00:00,TMAX,GHCND:USS0009S04S,",,T,",39
2024-01-01T00:00:00,TMIN,GHCND:USS0009S04S,",,T,",-80
2024-01-01T00:00:00,PRCP,GHCND:USS0009S06S,",,T,",0
2024-01-01T00:00:00,TMAX,GHCND:USS0009S06S,",,T,",71
2024-01-01T00:00:00,TMIN,GHCND:USS0009S06S,",,T,",-123
2024-01-01T00:00:00,PRCP,GHCND:USS0009S07S,",,T,",0
2024-01-01T00:00:00,TMAX,GHCND:USS0009S07S,",,T,",47
2024-01-01T00:00:00,TMIN,GHCND:USS0009S07S,",,T,",-120
2024-01-01T00:00:00,PRCP,GHCND:USS0009S11S,",,T,",0
2024-01-01T00:00:00,TMAX,GHCND:USS0009S11S,",,T,",34
2024-01-01T00:00:00,TMIN,GHCND:USS0009S11S,",,T,",-112
2024-01-01T00:00:00,PRCP,GHCND:USS0009S18S,",,T,",0
2024-01-01T00:00:00,TMAX,GHCND:USS0009S18S,",,T,",62
2024-01-01T00:00:00,TMIN,GHCND:USS0009S18S,",,T,",-132
2024-01-01T00:00:00,PRCP,GHCND:USS0010R04S,",,T,",0
2024-01-01T00:00:00,TMAX,GHCND:USS0010R04S,",,T,",48
2024-01-01T00:00:00,TMIN,GHCND:USS0010R04S,",,T,",-22
2024-01-01T00:00:00,PRCP,GHCND:USS0010S01S,",,T,",0
2024-01-01T00:00:00,TMAX,GHCND:USS0010S01S,",,T,",48
2024-01-01T00:00:00,TMIN,GHCND:USS0010S01S,",,T,",-23
2024-01-01T00:00:00,PRCP,GHCND:USS0011P02S,",,T,",0
2024-01-01T00:00:00,TMAX,GHCND:USS0011P02S,",,T,",52
2024-01-01T00:00:00,TMIN,GHCND:USS0011P02S,",,T,",-111
2024-01-01T00:00:00,PRCP,GHCND:USS0011P08S,",,T,",0
2024-01-01T00:00:00,TMAX,GHCND:USS0011P08S,",,T,",15
2024-01-01T00:00:00,TMIN,GHCND:USS0011P08S,",,T,",-114
2024-01-01T00:00:00,PRCP,GHCND:USS0011P13S,",,T,",0
2024-01-01T00:00:00,TMAX,GHCND:USS0011P13S,",,T,",52
2024-01-01T00:00:00,TMIN,GHCND:USS0011P13S,",,T,",-71
2024-01-01T00:00:00,PRCP,GHCND:USS0011R03S,",,T,",0
2024-01-01T00:00:00,TMAX,GHCND:USS0011R03S,",,T,",54
2024-01-01T00:00:00,TMIN,GHCND:USS0011R03S,",,T,",-69
2024-01-01T00:00:00,PRCP,GHCND:USS0011R05S,",,T,",0
2024-01-01T00:00:00,TMAX,GHCND:USS0011R05S,",,T,",42
2024-01-01T00:00:00,TMIN,GHCND:USS0011R05S,",,T,",-56
2024-01-01T00:00:00,PRCP,GHCND:USS0011R06S,",,T,",0
2024-01-01T00:00:00,TMAX,GHCND:USS0011R06S,",,T,",41
2024-01-01T00:00:00,TMIN,GHCND:USS0011R06S,",,T,",-16
2024-01-01T00:00:00,PRCP,GHCND:USS0011R10S,",,T,",0
2024-01-01T00:00:00,TMAX,GHCND:USS0011R10S,",,T,",38
2024-01-01T00:00:00,TMIN,GHCND:USS0011R10S,",,T,",-23
2024-01-01T00:00:00,PRCP,GHCND:USS0011R12S,",,T,",0
2024-01-01T00:00:00,TMAX,GHCND:USS0011R12S,",,T,",22
2024-01-01T00:00:00,TMIN,GHCND:USS0011R12S,",,T,",-36
2024-01-01T00:00:00,PRCP,GHCND:USS0011R13S,",,T,",0
2024-01-01T00:00:00,TMAX,GHCND:USS0011R13S,",,T,",74
2024-01-01T00:00:00,TMIN,GHCND:USS0011R13S,",,T,",-80
2024-01-01T00:00:00,PRCP,GHCND:USS0012P01S,",,T,",0
2024-01-01T00:00:00,TMAX,GHCND:USS0012P01S,",,T,",50
2024-01-01T00:00:00,TMIN,GHCND:USS0012P01S,",,T,",-54
2024-01-01T00:00:00,PRCP,GHCND:USS0012P02S,",,T,",0
2024-01-01T00:00:00,TMAX,GHCND:USS0012P02S,",,T,",42
2024-01-01T00:00:00,TMIN,GHCND:USS0012P02S,",,T,",-73
2024-01-01T00:00:00,PRCP,GHCND:USW00003029,",,W,",0
2024-01-01T00:00:00,TMAX,GHCND:USW00003029,",,W,",61
2024-01-01T00:00:00,TMIN,GHCND:USW00003029,",,W,",-121
2024-01-01T00:00:00,PRCP,GHCND:USW00003103,",,W,2400",0
2024-01-01T00:00:00,TMAX,GHCND:USW00003103,",,W,2400",67
2024-01-01T00:00:00,TMIN,GHCND:USW00003103,",,W,2400",-82
2024-01-01T00:00:00,PRCP,GHCND:USW00003125,",,7,2400",0
2024-01-01T00:00:00,TMAX,GHCND:USW00003125,",,7,",183
2024-01-01T00:00:00,TMIN,GHCND:USW00003125,",,7,",72
2024-01-01T00:00:00,PRCP,GHCND:USW00003145,",,W,",0
2024-01-01T00:00:00,TMAX,GHCND:USW00003145,",,W,",189
2024-01-01T00:00:00,TMIN,GHCND:USW00003145,",,W,",89
2024-01-01T00:00:00,PRCP,GHCND:USW00003162,",,W,",0
2024-01-01T00:00:00,TMAX,GHCND:USW00003162,",,W,",89
2024-01-01T00:00:00,TMIN,GHCND:USW00003162,",,W,",-16
2024-01-01T00:00:00,PRCP,GHCND:USW00003184,",,W,",0
2024-01-01T00:00:00,TMAX,GHCND:USW00003184,",,W,",156
2024-01-01T00:00:00,TMIN,GHCND:USW00003184,",,W,",56
2024-01-01T00:00:00,PRCP,GHCND:USW00003185,",,W,",0
2024-01-01T00:00:00,TMAX,GHCND:USW00003185,",,W,",178
2024-01-01T00:00:00,TMIN,GHCND:USW00003185,",,W,",89
2024-01-01T00:00:00,PRCP,GHCND:USW00003192,",,W,",0
2024-01-01T00:00:00,TMAX,GHCND:USW00003192,",,W,",161
2024-01-01T00:00:00,TMIN,GHCND:USW00003192,",,W,",61
2024-01-01T00:00:00,PRCP,GHCND:USW00003195,",,W,",0
2024-01-01T00:00:00,TMAX,GHCND:USW00003195,",,W,",61
2024-01-01T00:00:00,TMIN,GHCND:USW00003195,",,W,",-99
2024-01-01T00:00:00,PRCP,GHCND:USW00003196,"T,,W,",0
2024-01-01T00:00:00,TMAX,GHCND:USW00003196,",,W,",183
2024-01-01T00:00:00,TMIN,GHCND:USW00003196,",,W,",6
2024-01-01T00:00:00,PRCP,GHCND:USW00023160,",,W,2400",0
2024-01-01T00:00:00,TMAX,GHCND:USW00023160,",,W,2400",200
2024-01-01T00:00:00,TMIN,GHCND:USW00023160,",,W,2400",39
2024-01-01T00:00:00,PRCP,GHCND:USW00023183,",,W,2400",0
2024-01-01T00:00:00,TMAX,GHCND:USW00023183,",,W,2400",172
2024-01-01T00:00:00,TMIN,GHCND:USW00023183,",,W,2400",83
2024-01-01T00:00:00,PRCP,GHCND:USW00023184,",,W,",0
2024-01-01T00:00:00,TMAX,GHCND:USW00023184,",,W,",83
2024-01-01T00:00:00,TMIN,GHCND:USW00023184,",,W,",-38
2024-01-01T00:00:00,PRCP,GHCND:USW00023194,",,W,2400",0
2024-01-01T00:00:00,TMAX,GHCND:USW00023194,",,W,2400",61
2024-01-01T00:00:00,TMIN,GHCND:USW00023194,",,W,2400",-55
2024-01-01T00:00:00,PRCP,GHCND:USW00053131,",,R,",0
2024-01-01T00:00:00,PRCP,GHCND:USW00053132,",,R,",0
2024-01-01T00:00:00,TMAX,GHCND:USW00053132,",,R,",173
2024-01-01T00:00:00,TMIN,GHCND:USW00053132,",,R,",-43
2024-01-01T00:00:00,PRCP,GHCND:USW00053146,",,W,",0
2024-01-01T00:00:00,TMAX,GHCND:USW00053146,",,W,",178
2024-01-01T00:00:00,TMIN,GHCND:USW00053146,",,W,",22
2024-01-01T00:00:00,PRCP,GHCND:USW00053154,",,R,",0
2024-01-01T00:00:00,TMAX,GHCND:USW00053154,",,R,",181
2024-01-01T00:00:00,TMIN,GHCND:USW00053154,",,R,",64
2024-01-01T00:00:00,PRCP,GHCND:USW00053155,",,R,",0
2024-01-01T00:00:00,TMAX,GHCND:USW00053155,",,R,",62
2024-01-01T00:00:00,TMIN,GHCND:USW00053155,",,R,",-54
2024-01-01T00:00:00,PRCP,GHCND:USW00093026,",,W,2400",0
2024-01-01T00:00:00,TMAX,GHCND:USW00093026,",,W,2400",178
2024-01-01T00:00:00,TMIN,GHCND:USW00093026,",,W,2400",-60
2024-01-01T00:00:00,PRCP,GHCND:USW00093084,",,W,",0
2024-01-01T00:00:00,TMAX,GHCND:USW00093084,",,W,",139
2024-01-01T00:00:00,TMIN,GHCND:USW00093084,",,W,",22
2024-01-01T00:00:00,PRCP,GHCND:USW00093139,",,7,1600",0
2024-01-01T00:00:00,TMAX,GHCND:USW00093139,",,7,1600",94
2024-01-01T00:00:00,TMIN,GHCND:USW00093139,",,7,1600",-44
2024-01-01T00:00:00,PRCP,GHCND:USW00093167,",,W,2400",0
2024-01-01T00:00:00,TMAX,GHCND:USW00093167,",,W,2400",144
2024-01-01T00:00:00,TMIN,GHCND:USW00093167,",,W,2400",-16
2024-01-02T00:00:00,PRCP,GHCND:US1AZAP0003,",,N,0700",0
2024-01-02T00:00:00,PRCP,GHCND:US1AZAP0007,",,N,0700",0
2024-01-02T00:00:00,PRCP,GHCND:US1AZAP0022,",,N,0800",0
2024-01-02T00:00:00,PRCP,GHCND:US1AZAP0028,",,N,0700",0
2024-01-02T00:00:00,PRCP,GHCND:US1AZCH0003,",,N,0700",38
2024-01-02T00:00:00,PRCP,GHCND:US1AZCH0008,",,N,0700",20
2024-01-02T00:00:00,PRCP,GHCND:US1AZCH0017,",,N,0700",0
2024-01-02T00:00:00,PRCP,GHCND:US1AZCH0019,",,N,0700",23
2024-01-02T00:00:00,PRCP,GHCND:US1AZCH0022,",,N,0800",0
2024-01-02T00:00:00,PRCP,GHCND:US1AZCH0027,",,N,0800",10
2024-01-02T00:00:00,PRCP,GHCND:US1AZCH0031,",,N,0800",15
2024-01-02T00:00:00,PRCP,GHCND:US1AZCH0039,",,N,0655",10
2024-01-02T00:00:00,PRCP,GHCND:US1AZCH0050,",,N,0700",0
2024-01-02T00:00:00,PRCP,GHCND:US1AZCH0057,",,N,0700",10
2024-01-02T00:00:00,PRCP,GHCND:US1AZCH0066,",,N,0434",25
2024-01-02T00:00:00,PRCP,GHCND:US1AZCH0072,",,N,0700",13
2024-01-02T00:00:00,PRCP,GHCND:US1AZCH0073,",,N,0700",0
2024-01-02T00:00:00,PRCP,GHCND:US1AZCH0076,",,N,0700",0
2024-01-02T00:00:00,PRCP,GHCND:US1AZCH0077,",,N,0700",8
2024-01-02T00:00:00,PRCP,GHCND:US1AZCH0079,",,N,0600",10
2024-01-02T00:00:00,PRCP,GHCND:US1AZCH0080,",,N,0700",5
2024-01-02T00:00:00,PRCP,GHCND:US1AZCH0081,",,N,0700",18
2024-01-02T00:00:00,PRCP,GHCND:US1AZCH0085,",,N,0700",30
2024-01-02T00:00:00,PRCP,GHCND:US1AZCH0086,",,N,0700",10
2024-01-02T00:00:00,PRCP,GHCND:US1AZCH0089,",,N,0600",20
2024-01-02T00:00:00,PRCP,GHCND:US1AZCH0090,",,N,0600",10
2024-01-02T00:00:00,PRCP,GHCND:US1AZCN0003,",,N,0800",0
2024-01-02T00:00:00,PRCP,GHCND:US1AZCN0019,",,N,0700",0
2024-01-02T00:00:00,PRCP,GHCND:US1AZCN0042,",,N,0700",0
2024-01-02T00:00:00,PRCP,GHCND:US1AZCN0069,",,N,0700",0
2024-01-02T00:00:00,PRCP,GHCND:US1AZCN0070,",,N,0700",0
2024-01-02T00:00:00,PRCP,GHCND:US1AZCN0075,",,N,0900",0
2024-01-02T00:00:00,PRCP,GHCND:US1AZCN0079,",,N,0600",0
2024-01-02T00:00:00,PRCP,GHCND:US1AZCN0113,",,N,0700",0
2024-01-02T00:00:00,PRCP,GHCND:US1AZCN0140,",,N,0700",0
2024-01-02T00:00:00,PRCP,GHCND:US1AZCN0143,",,N,0700",0
2024-01-02T00:00:00,PRCP,GHCND:US1AZCN0147,",,N,0530",0
2024-01-02T00:00:00,PRCP,GHCND:US1AZCN0148,",,N,0700",0
2024-01-02T00:00:00,PRCP,GHCND:US1AZCN0154,",,N,0757",0
2024-01-02T00:00:00,PRCP,GHCND:US1AZCN0166,",,N,0800",0
2024-01-02T00:00:00,PRCP,GHCND:US1AZCN0170,",,N,0730",0
2024-01-02T00:00:00,PRCP,GHCND:US1AZCN0176,",,N,0700",0
2024-01-02T00:00:00,PRCP,GHCND:US1AZCN0178,",,N,0700",0
2024-01-02T00:00:00,PRCP,GHCND:US1AZGH0004,",,N,0700",5
2024-01-02T00:00:00,PRCP,GHCND:US1AZGL0004,",,N,0727",0
2024-01-02T00:00:00,PRCP,GHCND:US1AZGL0008,",,N,0700",0
2024-01-02T00:00:00,PRCP,GHCND:US1AZGL0015,",,N,0800",0
2024-01-02T00:00:00,PRCP,GHCND:US1AZGL0016,",,N,0800",0
2024-01-02T00:00:00,PRCP,GHCND:US1AZMH0025,",,N,0700",0
2024-01-02T00:00:00,PRCP,GHCND:US1AZMH0027,",,N,0700",0
2024-01-02T00:00:00,PRCP,GHCND:US1AZMH0041,",,N,0007",0
2024-01-02T00:00:00,PRCP,GHCND:US1AZMH0042,",,N,0800",0
2024-01-02T00:00:00,PRCP,GHCND:US1AZMR0010,",,N,0800",0
2024-01-02T00:00:00,PRCP,GHCND:US1AZMR0016,",,N,0700",0
2024-01-02T00:00:00,PRCP,GHCND:US1AZMR0017,",,N,0700",0
2024-01-02T00:00:00,PRCP,GHCND:US1AZMR0022,",,N,0700",0
2024-01-02T00:00:00,PRCP,GHCND:US1AZMR0026,",,N,0700",0
2024-01-02T00:00:00,PRCP,GHCND:US1AZMR0032,",,N,0700",0
2024-01-02T00:00:00,PRCP,GHCND:US1AZMR0035,",,N,0830",0
2024-01-02T00:00:00,PRCP,GHCND:US1AZMR0045,",,N,0700",0
2024-01-02T00:00:00,PRCP,GHCND:US1AZMR0046,",,N,0700",0
2024-01-02T00:00:00,PRCP,GHCND:US1AZMR0057,",,N,0727",0
2024-01-02T00:00:00,PRCP,GHCND:US1AZMR0071,",,N,0700",0
2024-01-02T00:00:00,PRCP,GHCND:US1AZMR0082,",,N,0700",0
2024-01-02T00:00:00,PRCP,GHCND:US1AZMR0096,",,N,0700",0
2024-01-02T00:00:00,PRCP,GHCND:US1AZMR0103,",,N,0700",0
2024-01-02T00:00:00,PRCP,GHCND:US1AZMR0111,",,N,0700",0
2024-01-02T00:00:00,PRCP,GHCND:US1AZMR0157,",,N,0700",0
2024-01-02T00:00:00,PRCP,GHCND:US1AZMR0197,",,N,0700",0
2024-01-02T00:00:00,PRCP,GHCND:US1AZMR0198,",,N,0700",0
2024-01-02T00:00:00,PRCP,GHCND:US1AZMR0207,",,N,0700",0
2024-01-02T00:00:00,PRCP,GHCND:US1AZMR0218,",,N,0600",0
2024-01-02T00:00:00,PRCP,GHCND:US1AZMR0220,",,N,0600",0
2024-01-02T00:00:00,PRCP,GHCND:US1AZMR0232,",,N,0700",0
2024-01-02T00:00:00,PRCP,GHCND:US1AZMR0245,",,N,0700",0
2024-01-02T00:00:00,PRCP,GHCND:US1AZMR0246,",,N,0700",0
2024-01-02T00:00:00,PRCP,GHCND:US1AZMR0260,",,N,0900",0
2024-01-02T00:00:00,PRCP,GHCND:US1AZMR0264,",,N,0730",0
2024-01-02T00:00:00,PRCP,GHCND:US1AZMR0267,",,N,0700",0
2024-01-02T00:00:00,PRCP,GHCND:US1AZMR0278,",,N,0500",0
2024-01-02T00:00:00,PRCP,GHCND:US1AZMR0280,",,N,0600",0
2024-01-02T00:00:00,PRCP,GHCND:US1AZMR0289,",,N,0700",0
2024-01-02T00:00:00,PRCP,GHCND:US1AZMR0313,",,N,0700",0
2024-01-02T00:00:00,PRCP,GHCND:US1AZMR0326,",,N,0700",0
2024-01-02T00:00:00,PRCP,GHCND:US1AZMR0342,",,N,0500",0
2024-01-02T00:00:00,PRCP,GHCND:US1AZMR0343,",,N,0700",0
2024-01-02T00:00:00,PRCP,GHCND:US1AZMR0352,",,N,0630",0
2024-01-02T00:00:00,PRCP,GHCND:US1AZMR0373,",,N,0700",0
2024-01-02T00:00:00,PRCP,GHCND:US1AZMR0379,",,N,0700",0
2024-01-02T00:00:00,PRCP,GHCND:US1AZMR0382,",,N,0800",0
2024-01-02T00:00:00,PRCP,GHCND:US1AZMR0384,",,N,0700",0
2024-01-02T00:00:00,PRCP,GHCND:US1AZMR0398,",,N,0700",0
2024-01-02T00:00:00,PRCP,GHCND:US1AZMR0402,",,N,0730",0
2024-01-02T00:00:00,PRCP,GHCND:US1AZMR0406,",,N,0700",0
2024-01-02T00:00:00,PRCP,GHCND:US1AZMR0410,",,N,0700",0
2024-01-02T00:00:00,PRCP,GHCND:US1AZMR0436,",,N,0800",0
2024-01-02T00:00:00,PRCP,GHCND:US1AZMR0443,",,N,0800",0
2024-01-02T00:00:00,PRCP,GHCND:US1AZMR0448,",,N,0622",0
2024-01-02T00:00:00,PRCP,GHCND:US1AZMR0454,",,N,0700",0
2024-01-02T00:00:00,PRCP,GHCND:US1AZMR0456,",,N,0700",0
2024-01-02T00:00:00,PRCP,GHCND:US1AZMR0463,",,N,0700",0
2024-01-02T00:00:00,PRCP,GHCND:US1AZMR0464,",,N,0700",0
2024-01-02T00:00:00,PRCP,GHCND:US1AZMR0466,",,N,1944",0
2024-01-02T00:00:00,PRCP,GHCND:US1AZMR0476,",,N,2359",0
2024-01-02T00:00:00,PRCP,GHCND:US1AZMR0478,",,N,0700",0
2024-01-02T00:00:00,PRCP,GHCND:US1AZMR0479,",,N,0700",0
2024-01-02T00:00:00,PRCP,GHCND:US1AZMR0484,",,N,0700",0
2024-01-02T00:00:00,PRCP,GHCND:US1AZMR0488,",,N,0700",0
2024-01-02T00:00:00,PRCP,GHCND:US1AZMR0494,",,N,0800",0
2024-01-02T00:00:00,PRCP,GHCND:US1AZMR0496,",,N,0700",0
2024-01-02T00:00:00,PRCP,GHCND:US1AZMR0503,",,N,0800",0
2024-01-02T00:00:00,PRCP,GHCND:US1AZMR0511,",,N,0800",0
2024-01-02T00:00:00,PRCP,GHCND:US1AZMR0517,",,N,0700",0
2024-01-02T00:00:00,PRCP,GHCND:US1AZMR0532,",,N,0700",0
2024-01-02T00:00:00,PRCP,GHCND:US1AZMR0535,",,N,0630",0
2024-01-02T00:00:00,PRCP,GHCND:US1AZMR0536,",,N,0700",0
2024-01-02T00:00:00,PRCP,GHCND:US1AZMR0539,",,N,0700",0
2024-01-02T00:00:00,PRCP,GHCND:US1AZMR0562,",,N,0700",0
2024-01-02T00:00:00,PRCP,GHCND:US1AZMR0578,",,N,0700",0
2024-01-02T00:00:00,PRCP,GHCND:US1AZMR0580,",,N,0700",0
2024-01-02T00:00:00,PRCP,GHCND:US1AZMR0583,",,N,0800",0
2024-01-02T00:00:00,PRCP,GHCND:US1AZMR0585,",,N,0900",0
2024-01-02T00:00:00,PRCP,GHCND:US1AZMR0586,",,N,0700",0
2024-01-02T00:00:00,PRCP,GHCND:US1AZMR0589,",,N,0700",0
2024-01-02T00:00:00,PRCP,GHCND:US1AZMR0591,",,N,0700",0
2024-01-02T00:00:00,PRCP,GHCND:US1AZMR0593,",,N,0700",0
2024-01-02T00:00:00,PRCP,GHCND:US1AZMR0595,",,N,0800",0
2024-01-02T00:00:00,PRCP,GHCND:US1AZMR0597,",,N,0800",0
2024-01-02T00:00:00,PRCP,GHCND:US1AZMR0599,",,N,0800",0
2024-01-02T00:00:00,PRCP,GHCND:US1AZMR0608,",,N,0630",5
2024-01-02T00:00:00,PRCP,GHCND:US1AZMR0610,",,N,0700",0
2024-01-02T00:00:00,PRCP,GHCND:US1AZMR0613,",,N,0800",0
2024-01-02T00:00:00,PRCP,GHCND:US1AZMR0617,",,N,0733",0
2024-01-02T00:00:00,PRCP,GHCND:US1AZMR0618,",,N,0700",0
